State_Name,state_display,N,P,K,pH,rainfall,temperature,humidity_estimate,climate,water,records
andaman and nicobar islands,Andaman And Nicobar Islands,79.32203389830508,47.71186440677966,71.10169491525424,5.641355932203389,2594.8164406779656,26.944838212634824,90.0,Humid,High,118
andhra pradesh,Andhra Pradesh,63.91504471330879,42.51052077853761,40.01315097317202,5.708758548132562,622.7127143608627,27.60166068895159,60.6,Dry,Limited,3802
arunachal pradesh,Arunachal Pradesh,85.97587719298245,44.901315789473685,48.43201754385965,5.509714912280701,1694.037543859649,7.45328947368421,87.4,Humid,High,912
assam,Assam,79.37918552036199,43.29773755656109,55.29954751131222,5.604988235294118,1399.8965357466063,24.011813519813522,80.0,Humid,High,5525
bihar,Bihar,69.65555297397769,40.92297862453532,39.220492565055764,5.599386617100372,551.006654275093,29.560930480455113,58.8,Dry,Limited,8608
chandigarh,Chandigarh,97.93650793650794,46.507936507936506,46.82539682539682,5.663650793650794,43.14077447619047,23.023463203463205,46.1,Dry,Limited,63
chhattisgarh,Chhattisgarh,61.788140827671405,42.554045707226685,41.98888202594194,5.6734033353922175,972.3725880172946,26.34224530668014,69.3,Moderate,Medium,3238
dadra and nagar haveli,Dadra And Nagar Haveli,70.0,40.97560975609756,33.048780487804876,5.7508536585365855,100.67868292682927,27.722731707317074,47.5,Dry,Limited,82
goa,Goa,72.5925925925926,42.96296296296296,38.51851851851852,5.521481481481482,2578.7288888888893,27.913560044893373,90.0,Humid,High,54
gujarat,Gujarat,77.12053571428571,39.66517857142857,36.5234375,5.735152529761905,581.6053869047619,29.81750669642857,59.5,Dry,Limited,2688
haryana,Haryana,78.85969028625058,40.279211637728764,40.063350539652745,5.623758798686063,246.98237447207882,29.129870739302927,51.2,Dry,Limited,2131
himachal pradesh,Himachal Pradesh,68.12280701754386,41.2,40.06315789473684,5.6476070175438595,553.239396491228,16.81078362573099,58.8,Dry,Limited,1425
jammu and kashmir,Jammu And Kashmir,78.29800498753117,40.27431421446384,39.413965087281795,5.597418952618454,480.23216957605985,21.736420312854225,57.0,Dry,Limited,802
jharkhand,Jharkhand,91.86046511627907,43.63636363636363,42.73255813953488,5.547431289640592,391.3121353065539,20.793300659875715,54.8,Dry,Limited,946
karnataka,Karnataka,67.22571552471813,45.37673460537728,41.42237640936687,5.644868820468343,896.1261667931483,22.84067452495466,67.4,Moderate,Medium,9224
kerala,Kerala,74.00486510393631,44.25917735515259,64.82087571870854,5.6421937195931005,2309.7949314462626,27.859858201653868,90.0,Humid,High,2261
madhya pradesh,Madhya Pradesh,68.56651252822884,38.99989246155501,43.783202494891924,5.676082374448866,870.9449295623185,28.327878403347384,66.8,Moderate,Medium,9299
maharashtra,Maharashtra,63.014376620315815,42.25665802498232,29.95286353994815,5.645152015083667,419.66823473957106,26.229520279390652,55.5,Dry,Limited,4243
manipur,Manipur,84.96318114874816,48.18114874815906,53.608247422680414,5.7635346097201765,1015.6696243416791,26.207117418663813,70.4,Moderate,Medium,679
meghalaya,Meghalaya,77.81350482315112,43.589228295819936,57.18649517684887,5.558118971061093,590.5279260450161,19.493213387898276,59.8,Dry,Limited,1244
mizoram,Mizoram,78.98113207547169,42.594339622641506,34.283018867924525,5.488452830188679,254.5587463773585,25.284218867924526,51.4,Dry,Limited,530
nagaland,Nagaland,69.22379826635145,43.51851851851852,36.99369582348306,5.553877068557919,187.16202600472815,24.156605774052583,49.7,Dry,Limited,1269
odisha,Odisha,60.96012171684817,39.05429212043562,36.931454196028184,5.656545483664318,637.7023638693144,26.742896162133828,60.9,Dry,Limited,6244
puducherry,Puducherry,67.47206703910615,42.90502793296089,41.21508379888268,5.731117318435754,195.1182047206704,28.12676485525648,49.9,Dry,Limited,358
punjab,Punjab,67.57360406091371,35.81725888324873,29.14720812182741,5.803187817258884,299.41210152284265,29.761305583756343,52.5,Dry,Limited,985
rajasthan,Rajasthan,69.82946428571428,37.378571428571426,40.96785714285714,5.651701785714286,404.0447785714286,29.34340295454545,55.1,Dry,Limited,5600
sikkim,Sikkim,63.13793103448276,42.13793103448276,30.362068965517242,5.551137931034482,1060.0696551724138,16.33360501567398,71.5,Moderate,Medium,290
tamil nadu,Tamil Nadu,65.62957540263544,43.63754677078249,45.5758906783797,5.713229217504474,677.2028143809989,28.30746932477533,61.9,Semi-arid,Medium,6147
telangana,Telangana,63.05633240111866,42.37914502596884,37.61486216540152,5.727662804634439,557.0820934878146,27.585896633131153,58.9,Dry,Limited,2503
tripura,Tripura,71.47286821705427,37.622739018087856,30.129198966408268,5.652997416020672,929.807338501292,25.463260512097722,68.2,Moderate,Medium,387
uttar pradesh,Uttar Pradesh,74.43165581838387,41.16010477853627,41.54905540561994,5.601046991585966,323.6210120654072,29.295497654750392,53.1,Dry,Limited,12598
uttarakhand,Uttarakhand,73.24765063571034,43.57103372028745,41.066887783305695,5.610945273631841,838.3060807075732,21.110203192790255,66.0,Moderate,Medium,1809
west bengal,West Bengal,65.46499339498018,40.86261558784676,42.72787318361955,5.60621928665786,736.9162430647292,26.012574036267562,63.4,Semi-arid,Medium,3785
